"아래 기호는 그대로, 단어는 모두 끝에 스페이스 삽입되어야 함",,,,,,,,,,,,,,,,,,,,,,,,
,,,,,,,,,,,,,,,,,,,,,,,,
_,,,,,,,,,,,,,,,,,,,,,,,,
-,,,,,,,,,,,,,,,,,,,,,,,,
〰️,,,,,,,,,,,,,,,,,,,,,,,,
:,,,,,,,,,,,,,,,,,,,,,,,,
',,,,,,,,,,,,,,,,,,,,,,,,
"""",,,,,,,,,,,,,,,,,,,,,,,,
“,,,,,,,,,,,,,,,,,,,,,,,,
”,,,,,,,,,,,,,,,,,,,,,,,,
(,,,,,,,,,,,,,,,,,,,,,,,,
),,,,,,,,,,,,,,,,,,,,,,,,
[,,,,,,,,,,,,,,,,,,,,,,,,
],,,,,,,,,,,,,,,,,,,,,,,,
「,,,,,,,,,,,,,,,,,,,,,,,,
」,,,,,,,,,,,,,,,,,,,,,,,,
【,,,,,,,,,,,,,,,,,,,,,,,,
【т,,,,,,,,,,,,,,,,,,,,,,,,
】,,,,,,,,,,,,,,,,,,,,,,,,
〔,,,,,,,,,,,,,,,,,,,,,,,,
〕,,,,,,,,,,,,,,,,,,,,,,,,
@,,,,,,,,,,,,,,,,,,,,,,,,
@YouTube,,,,,,,,,,,,,,,,,,,,,,,,
*,,,,,,,,,,,,,,,,,,,,,,,,
&,,,,,,,,,,,,,,,,,,,,,,,,
#,,,,,,,,,,,,,,,,,,,,,,,,
`,,,,,,,,,,,,,,,,,,,,,,,,
°,,,,,,,,,,,,,,,,,,,,,,,,
→,,,,,,,,,,,,,,,,,,,,,,,,
↑,,,,,,,,,,,,,,,,,,,,,,,,
↓,,,,,,,,,,,,,,,,,,,,,,,,
+,,,,,,,,,,,,,,,,,,,,,,,,
×,,,,,,,,,,,,,,,,,,,,,,,,
<<,,,,,,,,,,,,,,,,,,,,,,,,
|,,,,,,,,,,,,,,,,,,,,,,,,
~,,,,,,,,,,,,,,,,,,,,,,,,
▫️,,,,,,,,,,,,,,,,,,,,,,,,
▶,,,,,,,,,,,,,,,,,,,,,,,,
▼,,,,,,,,,,,,,,,,,,,,,,,,
▽,,,,,,,,,,,,,,,,,,,,,,,,
○,,,,,,,,,,,,,,,,,,,,,,,,
●,,,,,,,,,,,,,,,,,,,,,,,,
◡̈,,,,,,,,,,,,,,,,,,,,,,,,
☀️,,,,,,,,,,,,,,,,,,,,,,,,
★,,,,,,,,,,,,,,,,,,,,,,,,
☆,,,,,,,,,,,,,,,,,,,,,,,,
☕️,,,,,,,,,,,,,,,,,,,,,,,,
☞,,,,,,,,,,,,,,,,,,,,,,,,
☺️,,,,,,,,,,,,,,,,,,,,,,,,
♣,,,,,,,,,,,,,,,,,,,,,,,,
♥,,,,,,,,,,,,,,,,,,,,,,,,
♪,,,,,,,,,,,,,,,,,,,,,,,,
♬,,,,,,,,,,,,,,,,,,,,,,,,
✔️,,,,,,,,,,,,,,,,,,,,,,,,
✨,,,,,,,,,,,,,,,,,,,,,,,,
❣️,,,,,,,,,,,,,,,,,,,,,,,,
➰,,,,,,,,,,,,,,,,,,,,,,,,
⫬,,,,,,,,,,,,,,,,,,,,,,,,
ㄱ,,,,,,,,,,,,,,,,,,,,,,,,
ㅊ,,,,,,,,,,,,,,,,,,,,,,,,
가까스로 ,,,,,,,,,,,,,,,,,,,,,,,,
가령 ,,,,,,,,,,,,,,,,,,,,,,,,
가지 ,,,,,,,,,,,,,,,,,,,,,,,,
각각 ,,,,,,,,,,,,,,,,,,,,,,,,
각자 ,,,,,,,,,,,,,,,,,,,,,,,,
각종 ,,,,,,,,,,,,,,,,,,,,,,,,
갖고 말하자면 ,,,,,,,,,,,,,,,,,,,,,,,,
갖고말하자면 ,,,,,,,,,,,,,,,,,,,,,,,,
개의치않고 ,,,,,,,,,,,,,,,,,,,,,,,,
걔 ,,,,,,,,,,,,,,,,,,,,,,,,
거기 ,,,,,,,,,,,,,,,,,,,,,,,,
거기다 ,,,,,,,,,,,,,,,,,,,,,,,,
거기서 ,,,,,,,,,,,,,,,,,,,,,,,,
거기에 ,,,,,,,,,,,,,,,,,,,,,,,,
거긴 ,,,,,,,,,,,,,,,,,,,,,,,,
거나 ,,,,,,,,,,,,,,,,,,,,,,,,
거니와 ,,,,,,,,,,,,,,,,,,,,,,,,
거든요 ,,,,,,,,,,,,,,,,,,,,,,,,
거바 ,,,,,,,,,,,,,,,,,,,,,,,,
거야 ,,,,,,,,,,,,,,,,,,,,,,,,
거의 ,,,,,,,,,,,,,,,,,,,,,,,,
거임 ,,,,,,,,,,,,,,,,,,,,,,,,
거지 ,,,,,,,,,,,,,,,,,,,,,,,,
건가 ,,,,,,,,,,,,,,,,,,,,,,,,
건대 ,,,,,,,,,,,,,,,,,,,,,,,,
건데 ,,,,,,,,,,,,,,,,,,,,,,,,
건물 ,,,,,,,,,,,,,,,,,,,,,,,,
건지 ,,,,,,,,,,,,,,,,,,,,,,,,
걸까 ,,,,,,,,,,,,,,,,,,,,,,,,
걸려서 ,,,,,,,,,,,,,,,,,,,,,,,,
걸로 ,,,,,,,,,,,,,,,,,,,,,,,,
겁나 ,,,,,,,,,,,,,,,,,,,,,,,,
겁니다 ,,,,,,,,,,,,,,,,,,,,,,,,
것 ,,,,,,,,,,,,,,,,,,,,,,,,
것과 같이 ,,,,,,,,,,,,,,,,,,,,,,,,
것도 ,,,,,,,,,,,,,,,,,,,,,,,,
것들 ,,,,,,,,,,,,,,,,,,,,,,,,
것에 ,,,,,,,,,,,,,,,,,,,,,,,,
것은 ,,,,,,,,,,,,,,,,,,,,,,,,
것을 ,,,,,,,,,,,,,,,,,,,,,,,,
것이 ,,,,,,,,,,,,,,,,,,,,,,,,
것이다 ,,,,,,,,,,,,,,,,,,,,,,,,
것인가 ,,,,,,,,,,,,,,,,,,,,,,,,
게다가 ,,,,,,,,,,,,,,,,,,,,,,,,
게우다 ,,,,,,,,,,,,,,,,,,,,,,,,
겠지 ,,,,,,,,,,,,,,,,,,,,,,,,
겨우 ,,,,,,,,,,,,,,,,,,,,,,,,
견지에서 ,,,,,,,,,,,,,,,,,,,,,,,,
결과는 ,,,,,,,,,,,,,,,,,,,,,,,,
결과에 이르다 ,,,,,,,,,,,,,,,,,,,,,,,,
결론을 낼 수 있다 ,,,,,,,,,,,,,,,,,,,,,,,,
결에 ,,,,,,,,,,,,,,,,,,,,,,,,
계시 ,,,,,,,,,,,,,,,,,,,,,,,,
계신 ,,,,,,,,,,,,,,,,,,,,,,,,
계신가요 ,,,,,,,,,,,,,,,,,,,,,,,,
ㄱㅗ ,,,,,,,,,,,,,,,,,,,,,,,,
고고 ,,,,,,,,,,,,,,,,,,,,,,,,
고려하면 ,,,,,,,,,,,,,,,,,,,,,,,,
고로 ,,,,,,,,,,,,,,,,,,,,,,,,
고영 ,,,,,,,,,,,,,,,,,,,,,,,,
고요 ,,,,,,,,,,,,,,,,,,,,,,,,
고파서 ,,,,,,,,,,,,,,,,,,,,,,,,
곡 ,,,,,,,,,,,,,,,,,,,,,,,,
곤 ,,,,,,,,,,,,,,,,,,,,,,,,
곧 ,,,,,,,,,,,,,,,,,,,,,,,,
골 ,,,,,,,,,,,,,,,,,,,,,,,,
곳 ,,,,,,,,,,,,,,,,,,,,,,,,
곳곳 ,,,,,,,,,,,,,,,,,,,,,,,,
곳도 ,,,,,,,,,,,,,,,,,,,,,,,,
곳에 ,,,,,,,,,,,,,,,,,,,,,,,,
곳에서 ,,,,,,,,,,,,,,,,,,,,,,,,
곳은 ,,,,,,,,,,,,,,,,,,,,,,,,
곳이 ,,,,,,,,,,,,,,,,,,,,,,,,
공카 ,,,,,,,,,,,,,,,,,,,,,,,,
과 ,,,,,,,,,,,,,,,,,,,,,,,,
과연 ,,,,,,,,,,,,,,,,,,,,,,,,
과의 ,,,,,,,,,,,,,,,,,,,,,,,,
관 ,,,,,,,,,,,,,,,,,,,,,,,,
관하여 ,,,,,,,,,,,,,,,,,,,,,,,,
관한 ,,,,,,,,,,,,,,,,,,,,,,,,
관해서는 ,,,,,,,,,,,,,,,,,,,,,,,,
광 ,,,,,,,,,,,,,,,,,,,,,,,,
괜히 ,,,,,,,,,,,,,,,,,,,,,,,,
구 ,,,,,,,,,,,,,,,,,,,,,,,,
구나 ,,,,,,,,,,,,,,,,,,,,,,,,
구니 ,,,,,,,,,,,,,,,,,,,,,,,,
구체적으로 ,,,,,,,,,,,,,,,,,,,,,,,,
구토하다 ,,,,,,,,,,,,,,,,,,,,,,,,
군 ,,,,,,,,,,,,,,,,,,,,,,,,
군데 ,,,,,,,,,,,,,,,,,,,,,,,,
굳이 ,,,,,,,,,,,,,,,,,,,,,,,,
궁 ,,,,,,,,,,,,,,,,,,,,,,,,
권 ,,,,,,,,,,,,,,,,,,,,,,,,
규 ,,,,,,,,,,,,,,,,,,,,,,,,
그걸 ,,,,,,,,,,,,,,,,,,,,,,,,
그것 ,,,,,,,,,,,,,,,,,,,,,,,,
그것도 ,,,,,,,,,,,,,,,,,,,,,,,,
그게 ,,,,,,,,,,,,,,,,,,,,,,,,
그나마 ,,,,,,,,,,,,,,,,,,,,,,,,
그나저나 ,,,,,,,,,,,,,,,,,,,,,,,,
그날 ,,,,,,,,,,,,,,,,,,,,,,,,
그니까 ,,,,,,,,,,,,,,,,,,,,,,,,
그대로 ,,,,,,,,,,,,,,,,,,,,,,,,
그동안 ,,,,,,,,,,,,,,,,,,,,,,,,
그들 ,,,,,,,,,,,,,,,,,,,,,,,,
그때 ,,,,,,,,,,,,,,,,,,,,,,,,
그땐 ,,,,,,,,,,,,,,,,,,,,,,,,
그람 ,,,,,,,,,,,,,,,,,,,,,,,,
그래 ,,,,,,,,,,,,,,,,,,,,,,,,
그래두 ,,,,,,,,,,,,,,,,,,,,,,,,
그래비티 ,,,,,,,,,,,,,,,,,,,,,,,,
그래서 ,,,,,,,,,,,,,,,,,,,,,,,,
그래요 ,,,,,,,,,,,,,,,,,,,,,,,,
그램 ,,,,,,,,,,,,,,,,,,,,,,,,
그랬는데 ,,,,,,,,,,,,,,,,,,,,,,,,
그랬다 ,,,,,,,,,,,,,,,,,,,,,,,,
그러 ,,,,,,,,,,,,,,,,,,,,,,,,
그러게요 ,,,,,,,,,,,,,,,,,,,,,,,,
그러고 ,,,,,,,,,,,,,,,,,,,,,,,,
그러고보니 ,,,,,,,,,,,,,,,,,,,,,,,,
그러니 ,,,,,,,,,,,,,,,,,,,,,,,,
그러다 ,,,,,,,,,,,,,,,,,,,,,,,,
그러면 ,,,,,,,,,,,,,,,,,,,,,,,,
그러므로 ,,,,,,,,,,,,,,,,,,,,,,,,
그러한즉 ,,,,,,,,,,,,,,,,,,,,,,,,
그런 ,,,,,,,,,,,,,,,,,,,,,,,,
그런가 ,,,,,,,,,,,,,,,,,,,,,,,,
그런거 ,,,,,,,,,,,,,,,,,,,,,,,,
그런데 ,,,,,,,,,,,,,,,,,,,,,,,,
그런즉 ,,,,,,,,,,,,,,,,,,,,,,,,
그런지 ,,,,,,,,,,,,,,,,,,,,,,,,
그럴 ,,,,,,,,,,,,,,,,,,,,,,,,
그럼 ,,,,,,,,,,,,,,,,,,,,,,,,
그럼에도 ,,,,,,,,,,,,,,,,,,,,,,,,
그렇 ,,,,,,,,,,,,,,,,,,,,,,,,
그렇게 ,,,,,,,,,,,,,,,,,,,,,,,,
그렇게 함으로써 ,,,,,,,,,,,,,,,,,,,,,,,,
그렇고 ,,,,,,,,,,,,,,,,,,,,,,,,
그렇다고 ,,,,,,,,,,,,,,,,,,,,,,,,
그렇지 ,,,,,,,,,,,,,,,,,,,,,,,,
그렇지 않다면 ,,,,,,,,,,,,,,,,,,,,,,,,
그렇지 않으면 ,,,,,,,,,,,,,,,,,,,,,,,,
그렇지만 ,,,,,,,,,,,,,,,,,,,,,,,,
그렇지않으면 ,,,,,,,,,,,,,,,,,,,,,,,,
그려주세요 ,,,,,,,,,,,,,,,,,,,,,,,,
그리 ,,,,,,,,,,,,,,,,,,,,,,,,
그리고 ,,,,,,,,,,,,,,,,,,,,,,,,
그리구 ,,,,,,,,,,,,,,,,,,,,,,,,
그리하여 ,,,,,,,,,,,,,,,,,,,,,,,,
그림 ,,,,,,,,,,,,,,,,,,,,,,,,
그만 ,,,,,,,,,,,,,,,,,,,,,,,,
그만이다 ,,,,,,,,,,,,,,,,,,,,,,,,
그만큼 ,,,,,,,,,,,,,,,,,,,,,,,,
그에 따르는 ,,,,,,,,,,,,,,,,,,,,,,,,
그와중에 ,,,,,,,,,,,,,,,,,,,,,,,,
그위에 ,,,,,,,,,,,,,,,,,,,,,,,,
그의 ,,,,,,,,,,,,,,,,,,,,,,,,
그저 ,,,,,,,,,,,,,,,,,,,,,,,,
그중에서 ,,,,,,,,,,,,,,,,,,,,,,,,
그치 ,,,,,,,,,,,,,,,,,,,,,,,,
그치지 않다 ,,,,,,,,,,,,,,,,,,,,,,,,
근거로 ,,,,,,,,,,,,,,,,,,,,,,,,
근거하여 ,,,,,,,,,,,,,,,,,,,,,,,,
근데 ,,,,,,,,,,,,,,,,,,,,,,,,
글구 ,,,,,,,,,,,,,,,,,,,,,,,,
글귀 ,,,,,,,,,,,,,,,,,,,,,,,,
기대여 ,,,,,,,,,,,,,,,,,,,,,,,,
기리 ,,,,,,,,,,,,,,,,,,,,,,,,
기릿 ,,,,,,,,,,,,,,,,,,,,,,,,
기전 ,,,,,,,,,,,,,,,,,,,,,,,,
기점으로 ,,,,,,,,,,,,,,,,,,,,,,,,
기준으로 ,,,,,,,,,,,,,,,,,,,,,,,,
기타 ,,,,,,,,,,,,,,,,,,,,,,,,
김에 ,,,,,,,,,,,,,,,,,,,,,,,,
까 ,,,,,,,,,,,,,,,,,,,,,,,,
까악 ,,,,,,,,,,,,,,,,,,,,,,,,
까요 ,,,,,,,,,,,,,,,,,,,,,,,,
까지 ,,,,,,,,,,,,,,,,,,,,,,,,
까지 미치다 ,,,,,,,,,,,,,,,,,,,,,,,,
까지는 ,,,,,,,,,,,,,,,,,,,,,,,,
까지도 ,,,,,,,,,,,,,,,,,,,,,,,,
까지만 ,,,,,,,,,,,,,,,,,,,,,,,,
까진 ,,,,,,,,,,,,,,,,,,,,,,,,
께서 ,,,,,,,,,,,,,,,,,,,,,,,,
꽈당 ,,,,,,,,,,,,,,,,,,,,,,,,
끌고 ,,,,,,,,,,,,,,,,,,,,,,,,
끙끙 ,,,,,,,,,,,,,,,,,,,,,,,,
끼 ,,,,,,,,,,,,,,,,,,,,,,,,
끼익 ,,,,,,,,,,,,,,,,,,,,,,,,
ㄴ ,,,,,,,,,,,,,,,,,,,,,,,,
나고 ,,,,,,,,,,,,,,,,,,,,,,,,
나니 ,,,,,,,,,,,,,,,,,,,,,,,,
나름 ,,,,,,,,,,,,,,,,,,,,,,,,
나머지는 ,,,,,,,,,,,,,,,,,,,,,,,,
나면 ,,,,,,,,,,,,,,,,,,,,,,,,
나미 ,,,,,,,,,,,,,,,,,,,,,,,,
나서 ,,,,,,,,,,,,,,,,,,,,,,,,
나야 ,,,,,,,,,,,,,,,,,,,,,,,,
나야나 ,,,,,,,,,,,,,,,,,,,,,,,,
나오 ,,,,,,,,,,,,,,,,,,,,,,,,
낙 ,,,,,,,,,,,,,,,,,,,,,,,,
날도 ,,,,,,,,,,,,,,,,,,,,,,,,
남짓 ,,,,,,,,,,,,,,,,,,,,,,,,
낭 ,,,,,,,,,,,,,,,,,,,,,,,,
낭시 ,,,,,,,,,,,,,,,,,,,,,,,,
내고 ,,,,,,,,,,,,,,,,,,,,,,,,
내내 ,,,,,,,,,,,,,,,,,,,,,,,,
내새꾸 ,,,,,,,,,,,,,,,,,,,,,,,,
내새끼 ,,,,,,,,,,,,,,,,,,,,,,,,
내용 ,,,,,,,,,,,,,,,,,,,,,,,,
낸 ,,,,,,,,,,,,,,,,,,,,,,,,
냐 ,,,,,,,,,,,,,,,,,,,,,,,,
냥 ,,,,,,,,,,,,,,,,,,,,,,,,
너로 ,,,,,,,,,,,,,,,,,,,,,,,,
너무 ,,,,,,,,,,,,,,,,,,,,,,,,
넘게 ,,,,,,,,,,,,,,,,,,,,,,,,
넘넘 ,,,,,,,,,,,,,,,,,,,,,,,,
네 ,,,,,,,,,,,,,,,,,,,,,,,,
네네 ,,,,,,,,,,,,,,,,,,,,,,,,
네일 ,,,,,,,,,,,,,,,,,,,,,,,,
네일리 ,,,,,,,,,,,,,,,,,,,,,,,,
넷 ,,,,,,,,,,,,,,,,,,,,,,,,
넹 ,,,,,,,,,,,,,,,,,,,,,,,,
녀석 ,,,,,,,,,,,,,,,,,,,,,,,,
녀석이네 ,,,,,,,,,,,,,,,,,,,,,,,,
노 ,,,,,,,,,,,,,,,,,,,,,,,,
노아 ,,,,,,,,,,,,,,,,,,,,,,,,
노이시아의 ,,,,,,,,,,,,,,,,,,,,,,,,
녹 ,,,,,,,,,,,,,,,,,,,,,,,,
논 ,,,,,,,,,,,,,,,,,,,,,,,,
논하지 않다 ,,,,,,,,,,,,,,,,,,,,,,,,
뇌 ,,,,,,,,,,,,,,,,,,,,,,,,
뇨 ,,,,,,,,,,,,,,,,,,,,,,,,
누 ,,,,,,,,,,,,,,,,,,,,,,,,
누가 알겠는가 ,,,,,,,,,,,,,,,,,,,,,,,,
느개비 ,,,,,,,,,,,,,,,,,,,,,,,,
느갭 ,,,,,,,,,,,,,,,,,,,,,,,,
는 ,,,,,,,,,,,,,,,,,,,,,,,,
는걸 ,,,,,,,,,,,,,,,,,,,,,,,,
는데 ,,,,,,,,,,,,,,,,,,,,,,,,
니까 ,,,,,,,,,,,,,,,,,,,,,,,,
니깐 ,,,,,,,,,,,,,,,,,,,,,,,,
니당 ,,,,,,,,,,,,,,,,,,,,,,,,
닉 ,,,,,,,,,,,,,,,,,,,,,,,,
ㄷ ,,,,,,,,,,,,,,,,,,,,,,,,
ㄷㄷ ,,,,,,,,,,,,,,,,,,,,,,,,
다가 ,,,,,,,,,,,,,,,,,,,,,,,,
다나 ,,,,,,,,,,,,,,,,,,,,,,,,
다니야 ,,,,,,,,,,,,,,,,,,,,,,,,
다들 ,,,,,,,,,,,,,,,,,,,,,,,,
다렉 ,,,,,,,,,,,,,,,,,,,,,,,,
다른 ,,,,,,,,,,,,,,,,,,,,,,,,
다른 방면으로 ,,,,,,,,,,,,,,,,,,,,,,,,
다만 ,,,,,,,,,,,,,,,,,,,,,,,,
다섯 ,,,,,,,,,,,,,,,,,,,,,,,,
다소 ,,,,,,,,,,,,,,,,,,,,,,,,
다시 ,,,,,,,,,,,,,,,,,,,,,,,,
다시 말하자면 ,,,,,,,,,,,,,,,,,,,,,,,,
다시말하면 ,,,,,,,,,,,,,,,,,,,,,,,,
다운 ,,,,,,,,,,,,,,,,,,,,,,,,
다음 ,,,,,,,,,,,,,,,,,,,,,,,,
다음에 ,,,,,,,,,,,,,,,,,,,,,,,,
다음으로 ,,,,,,,,,,,,,,,,,,,,,,,,
다해 ,,,,,,,,,,,,,,,,,,,,,,,,
단길 ,,,,,,,,,,,,,,,,,,,,,,,,
단지 ,,,,,,,,,,,,,,,,,,,,,,,,
달이 ,,,,,,,,,,,,,,,,,,,,,,,,
담 ,,,,,,,,,,,,,,,,,,,,,,,,
담당 ,,,,,,,,,,,,,,,,,,,,,,,,
담에 ,,,,,,,,,,,,,,,,,,,,,,,,
담엔 ,,,,,,,,,,,,,,,,,,,,,,,,
답다 ,,,,,,,,,,,,,,,,,,,,,,,,
닷 ,,,,,,,,,,,,,,,,,,,,,,,,
당시 ,,,,,,,,,,,,,,,,,,,,,,,,
대기 ,,,,,,,,,,,,,,,,,,,,,,,,
대던 ,,,,,,,,,,,,,,,,,,,,,,,,
대로 ,,,,,,,,,,,,,,,,,,,,,,,,
대로 하다 ,,,,,,,,,,,,,,,,,,,,,,,,
대서 ,,,,,,,,,,,,,,,,,,,,,,,,
대요 ,,,,,,,,,,,,,,,,,,,,,,,,
대체 ,,,,,,,,,,,,,,,,,,,,,,,,
대하 ,,,,,,,,,,,,,,,,,,,,,,,,
대하면 ,,,,,,,,,,,,,,,,,,,,,,,,
대하여 ,,,,,,,,,,,,,,,,,,,,,,,,
대한 ,,,,,,,,,,,,,,,,,,,,,,,,
대해 ,,,,,,,,,,,,,,,,,,,,,,,,
대해 말하자면 ,,,,,,,,,,,,,,,,,,,,,,,,
대해서 ,,,,,,,,,,,,,,,,,,,,,,,,
대행 ,,,,,,,,,,,,,,,,,,,,,,,,
댓글환영 ,,,,,,,,,,,,,,,,,,,,,,,,
댕그 ,,,,,,,,,,,,,,,,,,,,,,,,
댕댕 ,,,,,,,,,,,,,,,,,,,,,,,,
댕로 ,,,,,,,,,,,,,,,,,,,,,,,,
더구나 ,,,,,,,,,,,,,,,,,,,,,,,,
더군다나 ,,,,,,,,,,,,,,,,,,,,,,,,
더니 ,,,,,,,,,,,,,,,,,,,,,,,,
더더 ,,,,,,,,,,,,,,,,,,,,,,,,
더라도 ,,,,,,,,,,,,,,,,,,,,,,,,
더불어 ,,,,,,,,,,,,,,,,,,,,,,,,
더욱더 ,,,,,,,,,,,,,,,,,,,,,,,,
더욱이는 ,,,,,,,,,,,,,,,,,,,,,,,,
더이상 ,,,,,,,,,,,,,,,,,,,,,,,,
던데 ,,,,,,,,,,,,,,,,,,,,,,,,
덩 ,,,,,,,,,,,,,,,,,,,,,,,,
데 ,,,,,,,,,,,,,,,,,,,,,,,,
데리 ,,,,,,,,,,,,,,,,,,,,,,,,
뎅 ,,,,,,,,,,,,,,,,,,,,,,,,
도 ,,,,,,,,,,,,,,,,,,,,,,,,
도로 ,,,,,,,,,,,,,,,,,,,,,,,,
도리 ,,,,,,,,,,,,,,,,,,,,,,,,
도안 ,,,,,,,,,,,,,,,,,,,,,,,,
도장 ,,,,,,,,,,,,,,,,,,,,,,,,
도치 ,,,,,,,,,,,,,,,,,,,,,,,,
도하 ,,,,,,,,,,,,,,,,,,,,,,,,
돌이 ,,,,,,,,,,,,,,,,,,,,,,,,
동안 ,,,,,,,,,,,,,,,,,,,,,,,,
돼서 ,,,,,,,,,,,,,,,,,,,,,,,,
돼요 ,,,,,,,,,,,,,,,,,,,,,,,,
됐는데 ,,,,,,,,,,,,,,,,,,,,,,,,
되게 ,,,,,,,,,,,,,,,,,,,,,,,,
되고 ,,,,,,,,,,,,,,,,,,,,,,,,
되나 ,,,,,,,,,,,,,,,,,,,,,,,,
되는 ,,,,,,,,,,,,,,,,,,,,,,,,
되는거 ,,,,,,,,,,,,,,,,,,,,,,,,
되는데 ,,,,,,,,,,,,,,,,,,,,,,,,
되어 ,,,,,,,,,,,,,,,,,,,,,,,,
되어서 ,,,,,,,,,,,,,,,,,,,,,,,,
되었으면 ,,,,,,,,,,,,,,,,,,,,,,,,
되지 ,,,,,,,,,,,,,,,,,,,,,,,,
된 ,,,,,,,,,,,,,,,,,,,,,,,,
된거 ,,,,,,,,,,,,,,,,,,,,,,,,
된바에야 ,,,,,,,,,,,,,,,,,,,,,,,,
된이상 ,,,,,,,,,,,,,,,,,,,,,,,,
될거 ,,,,,,,,,,,,,,,,,,,,,,,,
될까 ,,,,,,,,,,,,,,,,,,,,,,,,
됨 ,,,,,,,,,,,,,,,,,,,,,,,,
됩니다 ,,,,,,,,,,,,,,,,,,,,,,,,
두고 ,,,,,,,,,,,,,,,,,,,,,,,,
두기 ,,,,,,,,,,,,,,,,,,,,,,,,
둥둥 ,,,,,,,,,,,,,,,,,,,,,,,,
둥이 ,,,,,,,,,,,,,,,,,,,,,,,,
뒤 ,,,,,,,,,,,,,,,,,,,,,,,,
뒤따라 ,,,,,,,,,,,,,,,,,,,,,,,,
뒤이어 ,,,,,,,,,,,,,,,,,,,,,,,,
뒷 ,,,,,,,,,,,,,,,,,,,,,,,,
드는 ,,,,,,,,,,,,,,,,,,,,,,,,
든 ,,,,,,,,,,,,,,,,,,,,,,,,
든간에 ,,,,,,,,,,,,,,,,,,,,,,,,
든지 ,,,,,,,,,,,,,,,,,,,,,,,,
들이 ,,,,,,,,,,,,,,,,,,,,,,,,
듯 ,,,,,,,,,,,,,,,,,,,,,,,,
듯이 ,,,,,,,,,,,,,,,,,,,,,,,,
듯한 ,,,,,,,,,,,,,,,,,,,,,,,,
등 ,,,,,,,,,,,,,,,,,,,,,,,,
등등 ,,,,,,,,,,,,,,,,,,,,,,,,
딩동 ,,,,,,,,,,,,,,,,,,,,,,,,
따라 ,,,,,,,,,,,,,,,,,,,,,,,,
따라서 ,,,,,,,,,,,,,,,,,,,,,,,,
따르 ,,,,,,,,,,,,,,,,,,,,,,,,
따위 ,,,,,,,,,,,,,,,,,,,,,,,,
따지지 않다 ,,,,,,,,,,,,,,,,,,,,,,,,
딱 ,,,,,,,,,,,,,,,,,,,,,,,,
딴 ,,,,,,,,,,,,,,,,,,,,,,,,
때가 되어 ,,,,,,,,,,,,,,,,,,,,,,,,
때문 ,,,,,,,,,,,,,,,,,,,,,,,,
땐 ,,,,,,,,,,,,,,,,,,,,,,,,
땜 ,,,,,,,,,,,,,,,,,,,,,,,,
땜시 ,,,,,,,,,,,,,,,,,,,,,,,,
땜에 ,,,,,,,,,,,,,,,,,,,,,,,,
떡밥 ,,,,,,,,,,,,,,,,,,,,,,,,
떼 ,,,,,,,,,,,,,,,,,,,,,,,,
또 ,,,,,,,,,,,,,,,,,,,,,,,,
또는 ,,,,,,,,,,,,,,,,,,,,,,,,
또한 ,,,,,,,,,,,,,,,,,,,,,,,,
뚜루 ,,,,,,,,,,,,,,,,,,,,,,,,
뚜루루뚜루 ,,,,,,,,,,,,,,,,,,,,,,,,
뚝딱 ,,,,,,,,,,,,,,,,,,,,,,,,
뚝뚝 ,,,,,,,,,,,,,,,,,,,,,,,,
뛰 ,,,,,,,,,,,,,,,,,,,,,,,,
뜨 ,,,,,,,,,,,,,,,,,,,,,,,,
뜸 ,,,,,,,,,,,,,,,,,,,,,,,,
ㄹ ,,,,,,,,,,,,,,,,,,,,,,,,
ㄹㅇ ,,,,,,,,,,,,,,,,,,,,,,,,
라 ,,,,,,,,,,,,,,,,,,,,,,,,
라 해도 ,,,,,,,,,,,,,,,,,,,,,,,,
라고 ,,,,,,,,,,,,,,,,,,,,,,,,
라는 ,,,,,,,,,,,,,,,,,,,,,,,,
라니 ,,,,,,,,,,,,,,,,,,,,,,,,
라던가 ,,,,,,,,,,,,,,,,,,,,,,,,
라도 ,,,,,,,,,,,,,,,,,,,,,,,,
라며 ,,,,,,,,,,,,,,,,,,,,,,,,
라면 ,,,,,,,,,,,,,,,,,,,,,,,,
라서 ,,,,,,,,,,,,,,,,,,,,,,,,
라운드 ,,,,,,,,,,,,,,,,,,,,,,,,
라이 ,,,,,,,,,,,,,,,,,,,,,,,,
라이딩 ,,,,,,,,,,,,,,,,,,,,,,,,
라이브 ,,,,,,,,,,,,,,,,,,,,,,,,
라이트 ,,,,,,,,,,,,,,,,,,,,,,,,
라인 ,,,,,,,,,,,,,,,,,,,,,,,,
랍니 ,,,,,,,,,,,,,,,,,,,,,,,,
랑은 ,,,,,,,,,,,,,,,,,,,,,,,,
런가 ,,,,,,,,,,,,,,,,,,,,,,,,
려고 ,,,,,,,,,,,,,,,,,,,,,,,,
로 인하여 ,,,,,,,,,,,,,,,,,,,,,,,,
로는 ,,,,,,,,,,,,,,,,,,,,,,,,
로만 ,,,,,,,,,,,,,,,,,,,,,,,,
로미 ,,,,,,,,,,,,,,,,,,,,,,,,
로부터 ,,,,,,,,,,,,,,,,,,,,,,,,
로써 ,,,,,,,,,,,,,,,,,,,,,,,,
로우 ,,,,,,,,,,,,,,,,,,,,,,,,
로운 ,,,,,,,,,,,,,,,,,,,,,,,,
류하람 ,,,,,,,,,,,,,,,,,,,,,,,,
륙 ,,,,,,,,,,,,,,,,,,,,,,,,
를  ,,,,,,,,,,,,,,,,,,,,,,,,
리가 ,,,,,,,,,,,,,,,,,,,,,,,,
리아 ,,,,,,,,,,,,,,,,,,,,,,,,
리언 ,,,,,,,,,,,,,,,,,,,,,,,,
리즈 ,,,,,,,,,,,,,,,,,,,,,,,,
리지 ,,,,,,,,,,,,,,,,,,,,,,,,
리코 ,,,,,,,,,,,,,,,,,,,,,,,,
리퀘 ,,,,,,,,,,,,,,,,,,,,,,,,
링크 ,,,,,,,,,,,,,,,,,,,,,,,,
ㅁ ,,,,,,,,,,,,,,,,,,,,,,,,
마냥 ,,,,,,,,,,,,,,,,,,,,,,,,
마니 ,,,,,,,,,,,,,,,,,,,,,,,,
마다 ,,,,,,,,,,,,,,,,,,,,,,,,
마당 ,,,,,,,,,,,,,,,,,,,,,,,,
마자 ,,,,,,,,,,,,,,,,,,,,,,,,
마저 ,,,,,,,,,,,,,,,,,,,,,,,,
마저도 ,,,,,,,,,,,,,,,,,,,,,,,,
마주 ,,,,,,,,,,,,,,,,,,,,,,,,
마치 ,,,,,,,,,,,,,,,,,,,,,,,,
막론하고 ,,,,,,,,,,,,,,,,,,,,,,,,
막상 ,,,,,,,,,,,,,,,,,,,,,,,,
만 못하다 ,,,,,,,,,,,,,,,,,,,,,,,,
만 못하다하기보다는 ,,,,,,,,,,,,,,,,,,,,,,,,
만들 ,,,,,,,,,,,,,,,,,,,,,,,,
만약 ,,,,,,,,,,,,,,,,,,,,,,,,
만약에 ,,,,,,,,,,,,,,,,,,,,,,,,
만에 ,,,,,,,,,,,,,,,,,,,,,,,,
만으로 ,,,,,,,,,,,,,,,,,,,,,,,,
만으로도 ,,,,,,,,,,,,,,,,,,,,,,,,
만은 아니다 ,,,,,,,,,,,,,,,,,,,,,,,,
만의 ,,,,,,,,,,,,,,,,,,,,,,,,
만이 ,,,,,,,,,,,,,,,,,,,,,,,,
만이 아니다 ,,,,,,,,,,,,,,,,,,,,,,,,
만일 ,,,,,,,,,,,,,,,,,,,,,,,,
만큼어찌됏든 ,,,,,,,,,,,,,,,,,,,,,,,,
만해 ,,,,,,,,,,,,,,,,,,,,,,,,
말까 ,,,,,,,,,,,,,,,,,,,,,,,,
말도 ,,,,,,,,,,,,,,,,,,,,,,,,
말에 ,,,,,,,,,,,,,,,,,,,,,,,,
말은 ,,,,,,,,,,,,,,,,,,,,,,,,
말을 ,,,,,,,,,,,,,,,,,,,,,,,,
말이 ,,,,,,,,,,,,,,,,,,,,,,,,
말이다 ,,,,,,,,,,,,,,,,,,,,,,,,
말이야 ,,,,,,,,,,,,,,,,,,,,,,,,
말지 ,,,,,,,,,,,,,,,,,,,,,,,,
말하 ,,,,,,,,,,,,,,,,,,,,,,,,
말하면 ,,,,,,,,,,,,,,,,,,,,,,,,
말하자면 ,,,,,,,,,,,,,,,,,,,,,,,,
말할것도 없고 ,,,,,,,,,,,,,,,,,,,,,,,,
매번 ,,,,,,,,,,,,,,,,,,,,,,,,
매애앤 ,,,,,,,,,,,,,,,,,,,,,,,,
머가 ,,,,,,,,,,,,,,,,,,,,,,,,
머글 ,,,,,,,,,,,,,,,,,,,,,,,,
머야 ,,,,,,,,,,,,,,,,,,,,,,,,
먹운 ,,,,,,,,,,,,,,,,,,,,,,,,
먼지알지 ,,,,,,,,,,,,,,,,,,,,,,,,
멍멍 ,,,,,,,,,,,,,,,,,,,,,,,,
면서 ,,,,,,,,,,,,,,,,,,,,,,,,
몇 ,,,,,,,,,,,,,,,,,,,,,,,,
모모 ,,,,,,,,,,,,,,,,,,,,,,,,
못하 ,,,,,,,,,,,,,,,,,,,,,,,,
무려 ,,,,,,,,,,,,,,,,,,,,,,,,
무렵 ,,,,,,,,,,,,,,,,,,,,,,,,
무릎쓰고 ,,,,,,,,,,,,,,,,,,,,,,,,
무튼 ,,,,,,,,,,,,,,,,,,,,,,,,
문을 ,,,,,,,,,,,,,,,,,,,,,,,,
물론 ,,,,,,,,,,,,,,,,,,,,,,,,
물이 ,,,,,,,,,,,,,,,,,,,,,,,,
밀 ,,,,,,,,,,,,,,,,,,,,,,,,
및 ,,,,,,,,,,,,,,,,,,,,,,,,
ㅂ ,,,,,,,,,,,,,,,,,,,,,,,,
ㅂㅏ ,,,,,,,,,,,,,,,,,,,,,,,,
바꾸어말하면 ,,,,,,,,,,,,,,,,,,,,,,,,
바꾸어말하자면 ,,,,,,,,,,,,,,,,,,,,,,,,
바꾸어서 말하면 ,,,,,,,,,,,,,,,,,,,,,,,,
바꾸어서 한다면 ,,,,,,,,,,,,,,,,,,,,,,,,
바꿔 말하면 ,,,,,,,,,,,,,,,,,,,,,,,,
바로 ,,,,,,,,,,,,,,,,,,,,,,,,
바와같이 ,,,,,,,,,,,,,,,,,,,,,,,,
밖에 안된다 ,,,,,,,,,,,,,,,,,,,,,,,,
버금 ,,,,,,,,,,,,,,,,,,,,,,,,
버억 ,,,,,,,,,,,,,,,,,,,,,,,,
버전 ,,,,,,,,,,,,,,,,,,,,,,,,
번은 ,,,,,,,,,,,,,,,,,,,,,,,,
보는데서 ,,,,,,,,,,,,,,,,,,,,,,,,
보다더 ,,,,,,,,,,,,,,,,,,,,,,,,
보드득 ,,,,,,,,,,,,,,,,,,,,,,,,
본대로 ,,,,,,,,,,,,,,,,,,,,,,,,
봐 ,,,,,,,,,,,,,,,,,,,,,,,,
봐라 ,,,,,,,,,,,,,,,,,,,,,,,,
부터 ,,,,,,,,,,,,,,,,,,,,,,,,
부터는 ,,,,,,,,,,,,,,,,,,,,,,,,
불구하고 ,,,,,,,,,,,,,,,,,,,,,,,,
불문하고 ,,,,,,,,,,,,,,,,,,,,,,,,
붕붕 ,,,,,,,,,,,,,,,,,,,,,,,,
비걱거리다 ,,,,,,,,,,,,,,,,,,,,,,,,
비공굿 ,,,,,,,,,,,,,,,,,,,,,,,,
비로소 ,,,,,,,,,,,,,,,,,,,,,,,,
비록 ,,,,,,,,,,,,,,,,,,,,,,,,
비추어 보아 ,,,,,,,,,,,,,,,,,,,,,,,,
비하면 ,,,,,,,,,,,,,,,,,,,,,,,,
빼앰 ,,,,,,,,,,,,,,,,,,,,,,,,
뿐만아니라 ,,,,,,,,,,,,,,,,,,,,,,,,
뿐이다 ,,,,,,,,,,,,,,,,,,,,,,,,
삐걱 ,,,,,,,,,,,,,,,,,,,,,,,,
삐걱거리다 ,,,,,,,,,,,,,,,,,,,,,,,,
ㅅ ,,,,,,,,,,,,,,,,,,,,,,,,
ㅅㅂ ,,,,,,,,,,,,,,,,,,,,,,,,
ㅅㅊㅇ ,,,,,,,,,,,,,,,,,,,,,,,,
사실 ,,,,,,,,,,,,,,,,,,,,,,,,
서술한바와 같이 ,,,,,,,,,,,,,,,,,,,,,,,,
설령 ,,,,,,,,,,,,,,,,,,,,,,,,
설마 ,,,,,,,,,,,,,,,,,,,,,,,,
설사 ,,,,,,,,,,,,,,,,,,,,,,,,
소리 ,,,,,,,,,,,,,,,,,,,,,,,,
소생 ,,,,,,,,,,,,,,,,,,,,,,,,
소인 ,,,,,,,,,,,,,,,,,,,,,,,,
솨 ,,,,,,,,,,,,,,,,,,,,,,,,
쉿 ,,,,,,,,,,,,,,,,,,,,,,,,
슬슬 ,,,,,,,,,,,,,,,,,,,,,,,,
습니까 ,,,,,,,,,,,,,,,,,,,,,,,,
습니다 ,,,,,,,,,,,,,,,,,,,,,,,,
시바 ,,,,,,,,,,,,,,,,,,,,,,,,
시발 ,,,,,,,,,,,,,,,,,,,,,,,,
시작하여 ,,,,,,,,,,,,,,,,,,,,,,,,
시초에 ,,,,,,,,,,,,,,,,,,,,,,,,
시키 ,,,,,,,,,,,,,,,,,,,,,,,,
"시키고,시키는,시키면,시킨,시킬 ",,,,,,,,,,,,,,,,,,,,,,,,
시키다 ,,,,,,,,,,,,,,,,,,,,,,,,
실로 ,,,,,,,,,,,,,,,,,,,,,,,,
심지어 ,,,,,,,,,,,,,,,,,,,,,,,,
쌓아 ,,,,,,,,,,,,,,,,,,,,,,,,
쑨 ,,,,,,,,,,,,,,,,,,,,,,,,
ㅇ ,,,,,,,,,,,,,,,,,,,,,,,,
ㅇㅈ ,,,,,,,,,,,,,,,,,,,,,,,,
ㅇㅈㄹ ,,,,,,,,,,,,,,,,,,,,,,,,
아니 ,,,,,,,,,,,,,,,,,,,,,,,,
아니나다를가 ,,,,,,,,,,,,,,,,,,,,,,,,
아니라면 ,,,,,,,,,,,,,,,,,,,,,,,,
아니면 ,,,,,,,,,,,,,,,,,,,,,,,,
아니었다면 ,,,,,,,,,,,,,,,,,,,,,,,,
아래윗 ,,,,,,,,,,,,,,,,,,,,,,,,
아무도 ,,,,,,,,,,,,,,,,,,,,,,,,
아야 ,,,,,,,,,,,,,,,,,,,,,,,,
아울러 ,,,,,,,,,,,,,,,,,,,,,,,,
아이 ,,,,,,,,,,,,,,,,,,,,,,,,
아하 ,,,,,,,,,,,,,,,,,,,,,,,,
안 그러면 ,,,,,,,,,,,,,,,,,,,,,,,,
않기 위하여 ,,,,,,,,,,,,,,,,,,,,,,,,
않기 위해서 ,,,,,,,,,,,,,,,,,,,,,,,,
알았어 ,,,,,,,,,,,,,,,,,,,,,,,,
앗 ,,,,,,,,,,,,,,,,,,,,,,,,
앞두고 ,,,,,,,,,,,,,,,,,,,,,,,,
앞빵 ,,,,,,,,,,,,,,,,,,,,,,,,
앞서 ,,,,,,,,,,,,,,,,,,,,,,,,
앞에 ,,,,,,,,,,,,,,,,,,,,,,,,
앞에서 ,,,,,,,,,,,,,,,,,,,,,,,,
앞으로 ,,,,,,,,,,,,,,,,,,,,,,,,
앞의것 ,,,,,,,,,,,,,,,,,,,,,,,,
야합니다 ,,,,,,,,,,,,,,,,,,,,,,,,
야해요 ,,,,,,,,,,,,,,,,,,,,,,,,
약간 ,,,,,,,,,,,,,,,,,,,,,,,,
어? ,,,,,,,,,,,,,,,,,,,,,,,,
어기여차 ,,,,,,,,,,,,,,,,,,,,,,,,
어느 ,,,,,,,,,,,,,,,,,,,,,,,,
어느것 ,,,,,,,,,,,,,,,,,,,,,,,,
어느때 ,,,,,,,,,,,,,,,,,,,,,,,,
어디 ,,,,,,,,,,,,,,,,,,,,,,,,
어때 ,,,,,,,,,,,,,,,,,,,,,,,,
어떠한 ,,,,,,,,,,,,,,,,,,,,,,,,
어떤 ,,,,,,,,,,,,,,,,,,,,,,,,
어떤것 ,,,,,,,,,,,,,,,,,,,,,,,,
어떻 ,,,,,,,,,,,,,,,,,,,,,,,,
어떻게 ,,,,,,,,,,,,,,,,,,,,,,,,
어떻해 ,,,,,,,,,,,,,,,,,,,,,,,,
어어 ,,,,,,,,,,,,,,,,,,,,,,,,
어요 ,,,,,,,,,,,,,,,,,,,,,,,,
어이 ,,,,,,,,,,,,,,,,,,,,,,,,
어째서 ,,,,,,,,,,,,,,,,,,,,,,,,
어쨋든 ,,,,,,,,,,,,,,,,,,,,,,,,
어쩌고 ,,,,,,,,,,,,,,,,,,,,,,,,
어쩌구 ,,,,,,,,,,,,,,,,,,,,,,,,
어쩌다 ,,,,,,,,,,,,,,,,,,,,,,,,
어찌 ,,,,,,,,,,,,,,,,,,,,,,,,
어찌됏어 ,,,,,,,,,,,,,,,,,,,,,,,,
어찌하든지 ,,,,,,,,,,,,,,,,,,,,,,,,
어찌하여 ,,,,,,,,,,,,,,,,,,,,,,,,
얼마 안 되는 것 ,,,,,,,,,,,,,,,,,,,,,,,,
얼마간 ,,,,,,,,,,,,,,,,,,,,,,,,
얼마나 ,,,,,,,,,,,,,,,,,,,,,,,,
얼마만큼 ,,,,,,,,,,,,,,,,,,,,,,,,
얼마큼 ,,,,,,,,,,,,,,,,,,,,,,,,
에 가서 ,,,,,,,,,,,,,,,,,,,,,,,,
에 달려 있다 ,,,,,,,,,,,,,,,,,,,,,,,,
에 대해 ,,,,,,,,,,,,,,,,,,,,,,,,
에 있다 ,,,,,,,,,,,,,,,,,,,,,,,,
에 한하다 ,,,,,,,,,,,,,,,,,,,,,,,,
에게 ,,,,,,,,,,,,,,,,,,,,,,,,
에겐 ,,,,,,,,,,,,,,,,,,,,,,,,
에나 ,,,,,,,,,,,,,,,,,,,,,,,,
에는 ,,,,,,,,,,,,,,,,,,,,,,,,
에다 ,,,,,,,,,,,,,,,,,,,,,,,,
에다가 ,,,,,,,,,,,,,,,,,,,,,,,,
에도 ,,,,,,,,,,,,,,,,,,,,,,,,
에만 ,,,,,,,,,,,,,,,,,,,,,,,,
에서 ,,,,,,,,,,,,,,,,,,,,,,,,
여겨 ,,,,,,,,,,,,,,,,,,,,,,,,
여기 ,,,,,,,,,,,,,,,,,,,,,,,,
여기는 ,,,,,,,,,,,,,,,,,,,,,,,,
여기저기 ,,,,,,,,,,,,,,,,,,,,,,,,
여긴 ,,,,,,,,,,,,,,,,,,,,,,,,
여보시오 ,,,,,,,,,,,,,,,,,,,,,,,,
여전히 ,,,,,,,,,,,,,,,,,,,,,,,,
여쭤 ,,,,,,,,,,,,,,,,,,,,,,,,
여차 ,,,,,,,,,,,,,,,,,,,,,,,,
여태 ,,,,,,,,,,,,,,,,,,,,,,,,
여튼 ,,,,,,,,,,,,,,,,,,,,,,,,
연이서 ,,,,,,,,,,,,,,,,,,,,,,,,
영차 ,,,,,,,,,,,,,,,,,,,,,,,,
예를 들면 ,,,,,,,,,,,,,,,,,,,,,,,,
예를 들자면 ,,,,,,,,,,,,,,,,,,,,,,,,
예컨대 ,,,,,,,,,,,,,,,,,,,,,,,,
예하면 ,,,,,,,,,,,,,,,,,,,,,,,,
오로지 ,,,,,,,,,,,,,,,,,,,,,,,,
오자마자 ,,,,,,,,,,,,,,,,,,,,,,,,
오직 ,,,,,,,,,,,,,,,,,,,,,,,,
오호 ,,,,,,,,,,,,,,,,,,,,,,,,
온전히 ,,,,,,,,,,,,,,,,,,,,,,,,
온통 ,,,,,,,,,,,,,,,,,,,,,,,,
와르르 ,,,,,,,,,,,,,,,,,,,,,,,,
와서 ,,,,,,,,,,,,,,,,,,,,,,,,
와아 ,,,,,,,,,,,,,,,,,,,,,,,,
왜이렇게 ,,,,,,,,,,,,,,,,,,,,,,,,
왜이리 ,,,,,,,,,,,,,,,,,,,,,,,,
왜케 ,,,,,,,,,,,,,,,,,,,,,,,,
왠지 ,,,,,,,,,,,,,,,,,,,,,,,,
왤케 ,,,,,,,,,,,,,,,,,,,,,,,,
외에도 ,,,,,,,,,,,,,,,,,,,,,,,,
요런 ,,,,,,,,,,,,,,,,,,,,,,,,
요렇게 ,,,,,,,,,,,,,,,,,,,,,,,,
요만큼 ,,,,,,,,,,,,,,,,,,,,,,,,
요만한 것 ,,,,,,,,,,,,,,,,,,,,,,,,
요만한걸 ,,,,,,,,,,,,,,,,,,,,,,,,
요컨대 ,,,,,,,,,,,,,,,,,,,,,,,,
욤 ,,,,,,,,,,,,,,,,,,,,,,,,
욥 ,,,,,,,,,,,,,,,,,,,,,,,,
욧 ,,,,,,,,,,,,,,,,,,,,,,,,
욬 ,,,,,,,,,,,,,,,,,,,,,,,,
우르르 ,,,,,,,,,,,,,,,,,,,,,,,,
우선 ,,,,,,,,,,,,,,,,,,,,,,,,
우에 종합한것과같이 ,,,,,,,,,,,,,,,,,,,,,,,,
우우 ,,,,,,,,,,,,,,,,,,,,,,,,
운운 ,,,,,,,,,,,,,,,,,,,,,,,,
위에서 서술한바와같이 ,,,,,,,,,,,,,,,,,,,,,,,,
위하 ,,,,,,,,,,,,,,,,,,,,,,,,
위하여 ,,,,,,,,,,,,,,,,,,,,,,,,
위해서 ,,,,,,,,,,,,,,,,,,,,,,,,
윙윙 ,,,,,,,,,,,,,,,,,,,,,,,,
으로 ,,,,,,,,,,,,,,,,,,,,,,,,
으로 인하여 ,,,,,,,,,,,,,,,,,,,,,,,,
으로는 ,,,,,,,,,,,,,,,,,,,,,,,,
으로도 ,,,,,,,,,,,,,,,,,,,,,,,,
으로서 ,,,,,,,,,,,,,,,,,,,,,,,,
으로써 ,,,,,,,,,,,,,,,,,,,,,,,,
으론 ,,,,,,,,,,,,,,,,,,,,,,,,
으아 ,,,,,,,,,,,,,,,,,,,,,,,,
으으 ,,,,,,,,,,,,,,,,,,,,,,,,
으음 ,,,,,,,,,,,,,,,,,,,,,,,,
곧 ,,,,,,,,,,,,,,,,,,,,,,,,
을 ,,,,,,,,,,,,,,,,,,,,,,,,
응당 ,,,,,,,,,,,,,,,,,,,,,,,,
의거하여 ,,,,,,,,,,,,,,,,,,,,,,,,
의지하여 ,,,,,,,,,,,,,,,,,,,,,,,,
의한 ,,,,,,,,,,,,,,,,,,,,,,,,
의해 ,,,,,,,,,,,,,,,,,,,,,,,,
의해되다 ,,,,,,,,,,,,,,,,,,,,,,,,
의해서 ,,,,,,,,,,,,,,,,,,,,,,,,
이 되다 ,,,,,,,,,,,,,,,,,,,,,,,,
이 밖에 ,,,,,,,,,,,,,,,,,,,,,,,,
이 외에 ,,,,,,,,,,,,,,,,,,,,,,,,
이 정도의 ,,,,,,,,,,,,,,,,,,,,,,,,
이거 ,,,,,,,,,,,,,,,,,,,,,,,,
이걸 ,,,,,,,,,,,,,,,,,,,,,,,,
이걸로 ,,,,,,,,,,,,,,,,,,,,,,,,
이것 ,,,,,,,,,,,,,,,,,,,,,,,,
이것도 ,,,,,,,,,,,,,,,,,,,,,,,,
이것은 ,,,,,,,,,,,,,,,,,,,,,,,,
이것이 ,,,,,,,,,,,,,,,,,,,,,,,,
이것저것 ,,,,,,,,,,,,,,,,,,,,,,,,
이게 ,,,,,,,,,,,,,,,,,,,,,,,,
이곳 ,,,,,,,,,,,,,,,,,,,,,,,,
이구 ,,,,,,,,,,,,,,,,,,,,,,,,
이다 ,,,,,,,,,,,,,,,,,,,,,,,,
이든 ,,,,,,,,,,,,,,,,,,,,,,,,
이때 ,,,,,,,,,,,,,,,,,,,,,,,,
이라고 ,,,,,,,,,,,,,,,,,,,,,,,,
이라는 ,,,,,,,,,,,,,,,,,,,,,,,,
이라면 ,,,,,,,,,,,,,,,,,,,,,,,,
이랑 ,,,,,,,,,,,,,,,,,,,,,,,,
이래 ,,,,,,,,,,,,,,,,,,,,,,,,
이래서 ,,,,,,,,,,,,,,,,,,,,,,,,
이러고 ,,,,,,,,,,,,,,,,,,,,,,,,
이러니 ,,,,,,,,,,,,,,,,,,,,,,,,
이러다 ,,,,,,,,,,,,,,,,,,,,,,,,
이러면 ,,,,,,,,,,,,,,,,,,,,,,,,
이러면서 ,,,,,,,,,,,,,,,,,,,,,,,,
이러이러하다 ,,,,,,,,,,,,,,,,,,,,,,,,
이러한 ,,,,,,,,,,,,,,,,,,,,,,,,
이런 ,,,,,,,,,,,,,,,,,,,,,,,,
이런거 ,,,,,,,,,,,,,,,,,,,,,,,,
이런게 ,,,,,,,,,,,,,,,,,,,,,,,,
이럴 ,,,,,,,,,,,,,,,,,,,,,,,,
이럴정도로 ,,,,,,,,,,,,,,,,,,,,,,,,
이렇 ,,,,,,,,,,,,,,,,,,,,,,,,
이렇게 ,,,,,,,,,,,,,,,,,,,,,,,,
이렇게 많은 것 ,,,,,,,,,,,,,,,,,,,,,,,,
이렇게 말하자면 ,,,,,,,,,,,,,,,,,,,,,,,,
이렇게되면 ,,,,,,,,,,,,,,,,,,,,,,,,
이렇게라도 ,,,,,,,,,,,,,,,,,,,,,,,,
이렇게말하자면 ,,,,,,,,,,,,,,,,,,,,,,,,
이렇구나 ,,,,,,,,,,,,,,,,,,,,,,,,
이로 인하여 ,,,,,,,,,,,,,,,,,,,,,,,,
이르기까지 ,,,,,,,,,,,,,,,,,,,,,,,,
이리하여 ,,,,,,,,,,,,,,,,,,,,,,,,
이만큼 ,,,,,,,,,,,,,,,,,,,,,,,,
이번 ,,,,,,,,,,,,,,,,,,,,,,,,
이봐 ,,,,,,,,,,,,,,,,,,,,,,,,
이상 ,,,,,,,,,,,,,,,,,,,,,,,,
이신 ,,,,,,,,,,,,,,,,,,,,,,,,
이쒀 ,,,,,,,,,,,,,,,,,,,,,,,,
이야 ,,,,,,,,,,,,,,,,,,,,,,,,
이어 ,,,,,,,,,,,,,,,,,,,,,,,,
이어서 ,,,,,,,,,,,,,,,,,,,,,,,,
이어지는 ,,,,,,,,,,,,,,,,,,,,,,,,
이었고 ,,,,,,,,,,,,,,,,,,,,,,,,
이었는데 ,,,,,,,,,,,,,,,,,,,,,,,,
이었다 ,,,,,,,,,,,,,,,,,,,,,,,,
이었던 ,,,,,,,,,,,,,,,,,,,,,,,,
이었습니다 ,,,,,,,,,,,,,,,,,,,,,,,,
이었어요 ,,,,,,,,,,,,,,,,,,,,,,,,
이와 같다 ,,,,,,,,,,,,,,,,,,,,,,,,
이와 같은 ,,,,,,,,,,,,,,,,,,,,,,,,
이와같다면 ,,,,,,,,,,,,,,,,,,,,,,,,
이외 ,,,,,,,,,,,,,,,,,,,,,,,,
이외에도 ,,,,,,,,,,,,,,,,,,,,,,,,
이유만으로 ,,,,,,,,,,,,,,,,,,,,,,,,
이젠 ,,,,,,,,,,,,,,,,,,,,,,,,
이지만 ,,,,,,,,,,,,,,,,,,,,,,,,
이쪽 ,,,,,,,,,,,,,,,,,,,,,,,,
인 듯하다 ,,,,,,,,,,,,,,,,,,,,,,,,
인데 ,,,,,,,,,,,,,,,,,,,,,,,,
인데요 ,,,,,,,,,,,,,,,,,,,,,,,,
인젠 ,,,,,,,,,,,,,,,,,,,,,,,,
인한 ,,,,,,,,,,,,,,,,,,,,,,,,
인해 ,,,,,,,,,,,,,,,,,,,,,,,,
일것이다 ,,,,,,,,,,,,,,,,,,,,,,,,
일과 ,,,,,,,,,,,,,,,,,,,,,,,,
일단 ,,,,,,,,,,,,,,,,,,,,,,,,
일때 ,,,,,,,,,,,,,,,,,,,,,,,,
일반적으로 ,,,,,,,,,,,,,,,,,,,,,,,,
일으킬 ,,,,,,,,,,,,,,,,,,,,,,,,
일이 ,,,,,,,,,,,,,,,,,,,,,,,,
일일 ,,,,,,,,,,,,,,,,,,,,,,,,
일자 ,,,,,,,,,,,,,,,,,,,,,,,,
일지라도 ,,,,,,,,,,,,,,,,,,,,,,,,
임에 틀림없다 ,,,,,,,,,,,,,,,,,,,,,,,,
입각하여 ,,,,,,,,,,,,,,,,,,,,,,,,
입니다 ,,,,,,,,,,,,,,,,,,,,,,,,
입니당 ,,,,,,,,,,,,,,,,,,,,,,,,
입장에서 ,,,,,,,,,,,,,,,,,,,,,,,,
잇따라 ,,,,,,,,,,,,,,,,,,,,,,,,
있다 ,,,,,,,,,,,,,,,,,,,,,,,,
있는 ,,,,,,,,,,,,,,,,,,,,,,,,
있습니다,,,,,,,,,,,,,,,,,,,,,,,,
있어서,,,,,,,,,,,,,,,,,,,,,,,,
있다고,,,,,,,,,,,,,,,,,,,,,,,,
ㅈ ,,,,,,,,,,,,,,,,,,,,,,,,
ㅈㄴ ,,,,,,,,,,,,,,,,,,,,,,,,
자마자 ,,,,,,,,,,,,,,,,,,,,,,,,
잖아요 ,,,,,,,,,,,,,,,,,,,,,,,,
잠시 ,,,,,,,,,,,,,,,,,,,,,,,,
저거 ,,,,,,,,,,,,,,,,,,,,,,,,
저건 ,,,,,,,,,,,,,,,,,,,,,,,,
저것 ,,,,,,,,,,,,,,,,,,,,,,,,
저것만큼 ,,,,,,,,,,,,,,,,,,,,,,,,
저게 ,,,,,,,,,,,,,,,,,,,,,,,,
저기 ,,,,,,,,,,,,,,,,,,,,,,,,
저기요 ,,,,,,,,,,,,,,,,,,,,,,,,
저런 ,,,,,,,,,,,,,,,,,,,,,,,,
저렇게 ,,,,,,,,,,,,,,,,,,,,,,,,
저번 ,,,,,,,,,,,,,,,,,,,,,,,,
저번에 ,,,,,,,,,,,,,,,,,,,,,,,,
저쪽 ,,,,,,,,,,,,,,,,,,,,,,,,
적어도 ,,,,,,,,,,,,,,,,,,,,,,,,
전자 ,,,,,,,,,,,,,,,,,,,,,,,,
전체적으로 ,,,,,,,,,,,,,,,,,,,,,,,,
전후 ,,,,,,,,,,,,,,,,,,,,,,,,
점에서 보아 ,,,,,,,,,,,,,,,,,,,,,,,,
정도 ,,,,,,,,,,,,,,,,,,,,,,,,
정도는 ,,,,,,,,,,,,,,,,,,,,,,,,
정도로 ,,,,,,,,,,,,,,,,,,,,,,,,
정도에 이르다 ,,,,,,,,,,,,,,,,,,,,,,,,
제각기 ,,,,,,,,,,,,,,,,,,,,,,,,
제외하고 ,,,,,,,,,,,,,,,,,,,,,,,,
조차 ,,,,,,,,,,,,,,,,,,,,,,,,
조차도 ,,,,,,,,,,,,,,,,,,,,,,,,
졸졸 ,,,,,,,,,,,,,,,,,,,,,,,,
좀 ,,,,,,,,,,,,,,,,,,,,,,,,
종합한것과 같이 ,,,,,,,,,,,,,,,,,,,,,,,,
좍좍 ,,,,,,,,,,,,,,,,,,,,,,,,
주룩주룩 ,,,,,,,,,,,,,,,,,,,,,,,,
주저하지 않고 ,,,,,,,,,,,,,,,,,,,,,,,,
줄은모른다 ,,,,,,,,,,,,,,,,,,,,,,,,
중에서 ,,,,,,,,,,,,,,,,,,,,,,,,
중의하나 ,,,,,,,,,,,,,,,,,,,,,,,,
즈음하여 ,,,,,,,,,,,,,,,,,,,,,,,,
즉 ,,,,,,,,,,,,,,,,,,,,,,,,
지금 ,,,,,,,,,,,,,,,,,,,,,,,,
지난 ,,,,,,,,,,,,,,,,,,,,,,,,
지든지 ,,,,,,,,,,,,,,,,,,,,,,,,
지만 ,,,,,,,,,,,,,,,,,,,,,,,,
지말고 ,,,,,,,,,,,,,,,,,,,,,,,,
쪽으로 ,,,,,,,,,,,,,,,,,,,,,,,,
차라리 ,,,,,,,,,,,,,,,,,,,,,,,,
참나 ,,,,,,,,,,,,,,,,,,,,,,,,
쳇 ,,,,,,,,,,,,,,,,,,,,,,,,
총적으로 ,,,,,,,,,,,,,,,,,,,,,,,,
총적으로 말하면 ,,,,,,,,,,,,,,,,,,,,,,,,
총적으로 보면 ,,,,,,,,,,,,,,,,,,,,,,,,
ㅋ ,,,,,,,,,,,,,,,,,,,,,,,,
콸콸 ,,,,,,,,,,,,,,,,,,,,,,,,
쾅쾅 ,,,,,,,,,,,,,,,,,,,,,,,,
탕탕 ,,,,,,,,,,,,,,,,,,,,,,,,
통하 ,,,,,,,,,,,,,,,,,,,,,,,,
통하여 ,,,,,,,,,,,,,,,,,,,,,,,,
툭 ,,,,,,,,,,,,,,,,,,,,,,,,
퉤 ,,,,,,,,,,,,,,,,,,,,,,,,
틈타 ,,,,,,,,,,,,,,,,,,,,,,,,
펄렁 ,,,,,,,,,,,,,,,,,,,,,,,,
하게 ,,,,,,,,,,,,,,,,,,,,,,,,
하게될것이다 ,,,,,,,,,,,,,,,,,,,,,,,,
하게하다 ,,,,,,,,,,,,,,,,,,,,,,,,
하겠는가 ,,,,,,,,,,,,,,,,,,,,,,,,
하겠습니다 ,,,,,,,,,,,,,,,,,,,,,,,,
하고 ,,,,,,,,,,,,,,,,,,,,,,,,
하고는 ,,,,,,,,,,,,,,,,,,,,,,,,
하고있었다 ,,,,,,,,,,,,,,,,,,,,,,,,
하곤하였다 ,,,,,,,,,,,,,,,,,,,,,,,,
하구나 ,,,,,,,,,,,,,,,,,,,,,,,,
하기 때문에 ,,,,,,,,,,,,,,,,,,,,,,,,
하기 위하여 ,,,,,,,,,,,,,,,,,,,,,,,,
하기는한데 ,,,,,,,,,,,,,,,,,,,,,,,,
하기도 ,,,,,,,,,,,,,,,,,,,,,,,,
하기로 ,,,,,,,,,,,,,,,,,,,,,,,,
하기만 하면 ,,,,,,,,,,,,,,,,,,,,,,,,
하기에 ,,,,,,,,,,,,,,,,,,,,,,,,
하긴 ,,,,,,,,,,,,,,,,,,,,,,,,
하나 ,,,,,,,,,,,,,,,,,,,,,,,,
하냐 ,,,,,,,,,,,,,,,,,,,,,,,,
하네 ,,,,,,,,,,,,,,,,,,,,,,,,
하네요 ,,,,,,,,,,,,,,,,,,,,,,,,
하노이 ,,,,,,,,,,,,,,,,,,,,,,,,
하느니 ,,,,,,,,,,,,,,,,,,,,,,,,
하느라 ,,,,,,,,,,,,,,,,,,,,,,,,
하는 김에 ,,,,,,,,,,,,,,,,,,,,,,,,
하는 편이 낫다 ,,,,,,,,,,,,,,,,,,,,,,,,
하는거 ,,,,,,,,,,,,,,,,,,,,,,,,
하는것도 ,,,,,,,,,,,,,,,,,,,,,,,,
하는것만 못하다 ,,,,,,,,,,,,,,,,,,,,,,,,
하는것이 낫다 ,,,,,,,,,,,,,,,,,,,,,,,,
하는바 ,,,,,,,,,,,,,,,,,,,,,,,,
하늘 ,,,,,,,,,,,,,,,,,,,,,,,,
하다 ,,,,,,,,,,,,,,,,,,,,,,,,
하더라 ,,,,,,,,,,,,,,,,,,,,,,,,
하더라도 ,,,,,,,,,,,,,,,,,,,,,,,,
하던 ,,,,,,,,,,,,,,,,,,,,,,,,
하던데 ,,,,,,,,,,,,,,,,,,,,,,,,
하도 ,,,,,,,,,,,,,,,,,,,,,,,,
하도다 ,,,,,,,,,,,,,,,,,,,,,,,,
하도록시키다 ,,,,,,,,,,,,,,,,,,,,,,,,
하도록하다 ,,,,,,,,,,,,,,,,,,,,,,,,
하드 ,,,,,,,,,,,,,,,,,,,,,,,,
하든지 ,,,,,,,,,,,,,,,,,,,,,,,,
하려고하다 ,,,,,,,,,,,,,,,,,,,,,,,,
하마터면 ,,,,,,,,,,,,,,,,,,,,,,,,
하면서 ,,,,,,,,,,,,,,,,,,,,,,,,
하물며 ,,,,,,,,,,,,,,,,,,,,,,,,
하버드 ,,,,,,,,,,,,,,,,,,,,,,,,
하여 ,,,,,,,,,,,,,,,,,,,,,,,,
하여금 ,,,,,,,,,,,,,,,,,,,,,,,,
하여야 ,,,,,,,,,,,,,,,,,,,,,,,,
하자마자 ,,,,,,,,,,,,,,,,,,,,,,,,
하지 않는다면 ,,,,,,,,,,,,,,,,,,,,,,,,
하지 않도록 ,,,,,,,,,,,,,,,,,,,,,,,,
하지만 ,,,,,,,,,,,,,,,,,,,,,,,,
하하 ,,,,,,,,,,,,,,,,,,,,,,,,
한 까닭에 ,,,,,,,,,,,,,,,,,,,,,,,,
한다면 ,,,,,,,,,,,,,,,,,,,,,,,,
한다면 몰라도 ,,,,,,,,,,,,,,,,,,,,,,,,
한데 ,,,,,,,,,,,,,,,,,,,,,,,,
한마디 ,,,,,,,,,,,,,,,,,,,,,,,,
한켠으로는 ,,,,,,,,,,,,,,,,,,,,,,,,
한항목 ,,,,,,,,,,,,,,,,,,,,,,,,
할 따름이다 ,,,,,,,,,,,,,,,,,,,,,,,,
할 줄 안다 ,,,,,,,,,,,,,,,,,,,,,,,,
할 지경이다 ,,,,,,,,,,,,,,,,,,,,,,,,
할 힘이 있다 ,,,,,,,,,,,,,,,,,,,,,,,,
할때 ,,,,,,,,,,,,,,,,,,,,,,,,
할만하다 ,,,,,,,,,,,,,,,,,,,,,,,,
할망정 ,,,,,,,,,,,,,,,,,,,,,,,,
할뿐 ,,,,,,,,,,,,,,,,,,,,,,,,
할지 ,,,,,,,,,,,,,,,,,,,,,,,,
할지라도 ,,,,,,,,,,,,,,,,,,,,,,,,
할지언정 ,,,,,,,,,,,,,,,,,,,,,,,,
할텐데 ,,,,,,,,,,,,,,,,,,,,,,,,
함 ,,,,,,,,,,,,,,,,,,,,,,,,
핳 ,,,,,,,,,,,,,,,,,,,,,,,,
해도된다 ,,,,,,,,,,,,,,,,,,,,,,,,
해도좋다 ,,,,,,,,,,,,,,,,,,,,,,,,
해봐요 ,,,,,,,,,,,,,,,,,,,,,,,,
해요 ,,,,,,,,,,,,,,,,,,,,,,,,
했어요 ,,,,,,,,,,,,,,,,,,,,,,,,
향하다 ,,,,,,,,,,,,,,,,,,,,,,,,
향하여 ,,,,,,,,,,,,,,,,,,,,,,,,
향해서 ,,,,,,,,,,,,,,,,,,,,,,,,
헉 ,,,,,,,,,,,,,,,,,,,,,,,,
헐떡헐떡 ,,,,,,,,,,,,,,,,,,,,,,,,
형식으로 쓰여 ,,,,,,,,,,,,,,,,,,,,,,,,
혹시 ,,,,,,,,,,,,,,,,,,,,,,,,
혹은 ,,,,,,,,,,,,,,,,,,,,,,,,
휘익 ,,,,,,,,,,,,,,,,,,,,,,,,
흥 ,,,,,,,,,,,,,,,,,,,,,,,,
힘입어 ,,,,,,,,,,,,,,,,,,,,,,,,
힝 ,,,,,,,,,,,,,,,,,,,,,,,,
힣 ,,,,,,,,,,,,,,,,,,,,,,,,
ㅏ ,,,,,,,,,,,,,,,,,,,,,,,,
ㅐ ,,,,,,,,,,,,,,,,,,,,,,,,
ㅓ ,,,,,,,,,,,,,,,,,,,,,,,,
ㅔ ,,,,,,,,,,,,,,,,,,,,,,,,
ㅛ ,,,,,,,,,,,,,,,,,,,,,,,,
ㅜ ,,,,,,,,,,,,,,,,,,,,,,,,
,,,,,,,,,,,,,,,,,,,,,,,,
,,,,,,,,,,,,,,,,,,,,,,,,
